{
  "underfit": {
    "train_losses": [
      6.554217159438532,
      5.840915698366776,
      5.383146032046116,
      5.0637172340177345,
      4.807041283776425
    ],
    "val_losses": [
      6.494069185521868,
      6.284631446555808,
      6.244451010668719,
      6.276353677113851,
      6.311889063428949
    ]
  },
  "overfit": {
    "train_losses": [
      6.318060804585942,
      5.564965873468117,
      5.539184625031518,
      5.528052056421999,
      5.444769499731845,
      5.220528258651983,
      4.987578180969739,
      4.751467399909848,
      4.496770764960617,
      4.225474865710149,
      3.9562611697150056,
      3.7004764353642696,
      3.4142489628713637,
      3.1138601303100586,
      2.814791030571109
    ],
    "val_losses": [
      8.64422556206032,
      8.946209856757411,
      9.104726630228537,
      9.160283728882119,
      9.26017932097117,
      9.469660366023028,
      9.697178372630367,
      9.955173386467827,
      10.137694482450131,
      10.271584572615447,
      10.519963374844304,
      10.623085251560918,
      10.828182454462405,
      10.963060639522693,
      11.184097541703117
    ]
  },
  "best": {
    "train_losses": [
      6.5955830978377215,
      6.370543979220012,
      6.269770481346506,
      6.083768648560093,
      5.9024431414471445,
      5.724131795527848,
      5.535182846690144
    ],
    "val_losses": [
      7.1575544159133715,
      7.271427142155635,
      7.246913340184595,
      7.1925958410485995,
      7.158871960330319,
      7.114783924895447,
      7.128002278216473
    ],
    "test_loss": 7.990081319102535,
    "test_ppl": 2951.5369660624037
  }
}